{
    "avg_prefill_time_ms": 57.581507973372936,
    "std_prefill_time_ms": 1.853279180166086,
    "min_prefill_time_ms": 54.97273337095976,
    "max_prefill_time_ms": 61.690231785178185,
    "avg_token_length": 105.6,
    "throughput_tokens_per_second": 1833.9220995884991,
    "num_samples": 10
}